orgname,orgref,superuser,superuserpassword,email,password
perf-org35-solicitor01,G9BMNMJ,perf-org35-solicitor01-su@groupaccess.com,Pass19word,perf-org35-solicitor01-user01@groupaccess.com,Pass19word
perf-org35-solicitor02,G9BMNMJ,perf-org35-solicitor02-su@groupaccess.com,Pass19word,perf-org35-solicitor02-user02@groupaccess.com,Pass19word
perf-org35-solicitor03,G9BMNMJ,perf-org35-solicitor03-su@groupaccess.com,Pass19word,perf-org35-solicitor03-user03@groupaccess.com,Pass19word
perf-org35-solicitor04,G9BMNMJ,perf-org35-solicitor04-su@groupaccess.com,Pass19word,perf-org35-solicitor04-user04@groupaccess.com,Pass19word
perf-org35-solicitor05,G9BMNMJ,perf-org35-solicitor05-su@groupaccess.com,Pass19word,perf-org35-solicitor05-user05@groupaccess.com,Pass19word
perf-org35-solicitor06,G9BMNMJ,perf-org35-solicitor06-su@groupaccess.com,Pass19word,perf-org35-solicitor06-user06@groupaccess.com,Pass19word
perf-org35-solicitor07,G9BMNMJ,perf-org35-solicitor07-su@groupaccess.com,Pass19word,perf-org35-solicitor07-user07@groupaccess.com,Pass19word
perf-org35-solicitor08,G9BMNMJ,perf-org35-solicitor08-su@groupaccess.com,Pass19word,perf-org35-solicitor08-user08@groupaccess.com,Pass19word
perf-org35-solicitor09,G9BMNMJ,perf-org35-solicitor09-su@groupaccess.com,Pass19word,perf-org35-solicitor09-user09@groupaccess.com,Pass19word
perf-org35-solicitor10,G9BMNMJ,perf-org35-solicitor10-su@groupaccess.com,Pass19word,perf-org35-solicitor10-user10@groupaccess.com,Pass19word
perf-org35-solicitor11,G9BMNMJ,perf-org35-solicitor11-su@groupaccess.com,Pass19word,perf-org35-solicitor11-user11@groupaccess.com,Pass19word
perf-org35-solicitor12,G9BMNMJ,perf-org35-solicitor12-su@groupaccess.com,Pass19word,perf-org35-solicitor12-user12@groupaccess.com,Pass19word
perf-org35-solicitor13,G9BMNMJ,perf-org35-solicitor13-su@groupaccess.com,Pass19word,perf-org35-solicitor13-user13@groupaccess.com,Pass19word
perf-org50-solicitor01,G7ES5W4,perf-org50-solicitor01-su@groupaccess.com,Pass19word,perf-org50-solicitor01-user02@groupaccess.com,Pass19word
perf-org50-solicitor01,G7ES5W4,perf-org50-solicitor01-su@groupaccess.com,Pass19word,perf-org50-solicitor01-user03@groupaccess.com,Pass19word
perf-org50-solicitor01,G7ES5W4,perf-org50-solicitor01-su@groupaccess.com,Pass19word,perf-org50-solicitor01-user04@groupaccess.com,Pass19word
perf-org50-solicitor01,G7ES5W4,perf-org50-solicitor01-su@groupaccess.com,Pass19word,perf-org50-solicitor01-user05@groupaccess.com,Pass19word
perf-org50-solicitor01,G7ES5W4,perf-org50-solicitor01-su@groupaccess.com,Pass19word,perf-org50-solicitor01-user06@groupaccess.com,Pass19word
perf-org50-solicitor01,G7ES5W4,perf-org50-solicitor01-su@groupaccess.com,Pass19word,perf-org50-solicitor01-user07@groupaccess.com,Pass19word
perf-org50-solicitor01,G7ES5W4,perf-org50-solicitor01-su@groupaccess.com,Pass19word,perf-org50-solicitor01-user08@groupaccess.com,Pass19word
perf-org50-solicitor01,G7ES5W4,perf-org50-solicitor01-su@groupaccess.com,Pass19word,perf-org50-solicitor01-user09@groupaccess.com,Pass19word
perf-org50-solicitor01,G7ES5W4,perf-org50-solicitor01-su@groupaccess.com,Pass19word,perf-org50-solicitor01-user10@groupaccess.com,Pass19word
perf-org50-solicitor01,G7ES5W4,perf-org50-solicitor01-su@groupaccess.com,Pass19word,perf-org50-solicitor01-user11@groupaccess.com,Pass19word
perf-org50-solicitor01,G7ES5W4,perf-org50-solicitor01-su@groupaccess.com,Pass19word,perf-org50-solicitor01-user12@groupaccess.com,Pass19word
perf-org50-solicitor01,G7ES5W4,perf-org50-solicitor01-su@groupaccess.com,Pass19word,perf-org50-solicitor01-user13@groupaccess.com,Pass19word
perf-org50-solicitor01,G7ES5W4,perf-org50-solicitor01-su@groupaccess.com,Pass19word,perf-org50-solicitor01-user14@groupaccess.com,Pass19word
perf-org50-solicitor01,G7ES5W4,perf-org50-solicitor01-su@groupaccess.com,Pass19word,perf-org50-solicitor01-user15@groupaccess.com,Pass19word
perf-org50-solicitor01,G7ES5W4,perf-org50-solicitor01-su@groupaccess.com,Pass19word,perf-org50-solicitor01-user16@groupaccess.com,Pass19word
perf-org50-solicitor01,G7ES5W4,perf-org50-solicitor01-su@groupaccess.com,Pass19word,perf-org50-solicitor01-user17@groupaccess.com,Pass19word
perf-org50-solicitor01,G7ES5W4,perf-org50-solicitor01-su@groupaccess.com,Pass19word,perf-org50-solicitor01-user18@groupaccess.com,Pass19word
perf-org50-solicitor01,G7ES5W4,perf-org50-solicitor01-su@groupaccess.com,Pass19word,perf-org50-solicitor01-user19@groupaccess.com,Pass19word
perf-org50-solicitor01,G7ES5W4,perf-org50-solicitor01-su@groupaccess.com,Pass19word,perf-org50-solicitor01-user20@groupaccess.com,Pass19word
perf-org50-solicitor01,G7ES5W4,perf-org50-solicitor01-su@groupaccess.com,Pass19word,perf-org50-solicitor01-user21@groupaccess.com,Pass19word